
use sdb2;

INSERT INTO owners (id, name) VALUES
  (1,  'Owner 1'),
  (2,  'Owner 2'),
  (3,  'Owner 3'),
  (4,  'Owner 4'),
  (5,  'Owner 5'),
  (6,  'Owner 6'),
  (7,  'Owner 7'),
  (8,  'Owner 8'),
  (9,  'Owner 9'),
  (10, 'Owner 10'),
  (11, 'Owner 11'),
  (12, 'Owner 12'),
  (13, 'Owner 13'),
  (14, 'Owner 14'),
  (15, 'Owner 15'),
  (16, 'Owner 16'),
  (17, 'Owner 17'),
  (18, 'Owner 18'),
  (19, 'Owner 19'),
  (20, 'Owner 20');

INSERT INTO transportKey (id, kInd) VALUES
  (1, 'Key 1'),
  (2, 'Key 2'),
  (3, 'Key 3'),
  (4, 'Key 4'),
  (5, 'Key 5'),
  (6, 'Key 6'),
  (7, 'Key 7');

INSERT INTO simCards (iccid,                     imsi,            msisdn,        kIndId, ki,                                 pin1,   pin2,   puk1,    puk2,    adm1,                artworkId, accId, installed, cardOwnerId)
VALUES
  ('ICCID000000000000001','IMSI00000000001','MSISDN000001',  1,  'KI000000000000000000000000000000', 1001, 2001, 100001, 200001, 'SYM0000000000001',   1,        1,     0,         1),
  ('ICCID000000000000002','IMSI00000000002','MSISDN000002',  2,  'KI000000000000000000000000000000', 1002, 2002, 100002, 200002, 'SYM0000000000002',   2,        1,     0,         2),
  ('ICCID000000000000003','IMSI00000000003','MSISDN000003',  3,  'KI000000000000000000000000000000', 1003, 2003, 100003, 200003, 'SYM0000000000003',   3,        1,     0,         3),
  ('ICCID000000000000004','IMSI00000000004','MSISDN000004',  4,  'KI000000000000000000000000000000', 1004, 2004, 100004, 200004, 'SYM0000000000004',   4,        1,     0,         4),
  ('ICCID000000000000005','IMSI00000000005','MSISDN000005',  5,  'KI000000000000000000000000000000', 1005, 2005, 100005, 200005, 'SYM0000000000005',   5,        1,     0,         5),
  ('ICCID000000000000006','IMSI00000000006','MSISDN000006',  6,  'KI000000000000000000000000000000', 1006, 2006, 100006, 200006, 'SYM0000000000006',   6,        1,     0,         6),
  ('ICCID000000000000007','IMSI00000000007','MSISDN000007',  7,  'KI000000000000000000000000000000', 1007, 2007, 100007, 200007, 'SYM0000000000007',   7,        1,     0,         7),
  ('ICCID000000000000008','IMSI00000000008','MSISDN000008',  1,  'KI000000000000000000000000000000', 1008, 2008, 100008, 200008, 'SYM0000000000008',   8,        1,     0,         8),
  ('ICCID000000000000009','IMSI00000000009','MSISDN000009',  2,  'KI000000000000000000000000000000', 1009, 2009, 100009, 200009, 'SYM0000000000009',   1,        1,     0,         9),
  ('ICCID000000000000010','IMSI00000000010','MSISDN000010',  3,  'KI000000000000000000000000000000', 1010, 2010, 100010, 200010, 'SYM0000000000010',   2,        1,     0,        10),
  ('ICCID000000000000011','IMSI00000000011','MSISDN000011',  4,  'KI000000000000000000000000000000', 1011, 2011, 100011, 200011, 'SYM0000000000011',   3,        1,     0,        11),
  ('ICCID000000000000012','IMSI00000000012','MSISDN000012',  5,  'KI000000000000000000000000000000', 1012, 2012, 100012, 200012, 'SYM0000000000012',   4,        1,     0,        12),
  ('ICCID000000000000013','IMSI00000000013','MSISDN000013',  6,  'KI000000000000000000000000000000', 1013, 2013, 100013, 200013, 'SYM0000000000013',   5,        1,     0,        13),
  ('ICCID000000000000014','IMSI00000000014','MSISDN000014',  7,  'KI000000000000000000000000000000', 1014, 2014, 100014, 200014, 'SYM0000000000014',   6,        1,     0,        14),
  ('ICCID000000000000015','IMSI00000000015','MSISDN000015',  1,  'KI000000000000000000000000000000', 1015, 2015, 100015, 200015, 'SYM0000000000015',   7,        1,     0,        15),
  ('ICCID000000000000016','IMSI00000000016','MSISDN000016',  2,  'KI000000000000000000000000000000', 1016, 2016, 100016, 200016, 'SYM0000000000016',   8,        1,     0,        16),
  ('ICCID000000000000017','IMSI00000000017','MSISDN000017',  3,  'KI000000000000000000000000000000', 1017, 2017, 100017, 200017, 'SYM0000000000017',   1,        1,     0,        17),
  ('ICCID000000000000018','IMSI00000000018','MSISDN000018',  4,  'KI000000000000000000000000000000', 1018, 2018, 100018, 200018, 'SYM0000000000018',   2,        1,     0,        18),
  ('ICCID000000000000019','IMSI00000000019','MSISDN000019',  5,  'KI000000000000000000000000000000', 1019, 2019, 100019, 200019, 'SYM0000000000019',   3,        1,     0,        19),
  ('ICCID000000000000020','IMSI00000000020','MSISDN000020',  6,  'KI000000000000000000000000000000', 1020, 2020, 100020, 200020, 'SYM0000000000020',   4,        1,     0,        20);


